Employee_Name,EmpID,GenderID,EmpStatusID,DeptID,PerfScoreID,FromDiversityJobFairID,Salary,Termd,PositionID,Position,State,DOB,Gender,CitizenDesc,ATSI,DateofHire,DateofTermination,TermReason,EmploymentStatus,Department,ManagerName,ManagerID,RecruitmentSource,PerformanceScore,EngagementSurvey,EmpSatisfaction,SpecialProjectsCount,DaysLateLast30,Absences,Employment Type
"Adinolfi, Wilson  K",10026,1,1,5,4,0,62506,0,19,Production Technician I,QLD,10/07/1988,Male,Citizen,No,5/07/2016,,N/A-StillEmployed,Active,Production       ,Michael Albert,22,LinkedIn,Exceeds,4.6,5,0,0,1,Full-Time
"Ait Sidi, Karthikeyan   ",10084,1,5,3,3,0,104437,1,27,Sr. DBA,QLD,5/05/1980,Male,Citizen,No,30/03/2020,16/06/2023,career change,Voluntarily Terminated,IT/IS,Simon Roup,4,Indeed,Fully Meets,4.96,3,6,0,17,Full-Time
"Akinkuolie, Sarah",10196,0,5,5,3,0,64955,1,20,Production Technician II,QLD,19/09/1993,Female,Citizen,No,5/07/2016,24/09/2017,hours,Voluntarily Terminated,Production       ,Kissy Sullivan,20,LinkedIn,Fully Meets,3.02,3,0,0,3,Full-Time
"Alagbe,Trina",10088,0,1,5,3,0,64991,0,19,Production Technician I,QLD,27/09/1993,Female,Citizen,No,7/01/2013,,N/A-StillEmployed,Active,Production       ,Elijiah Gray,16,Indeed,Fully Meets,4.84,5,0,0,15,Full-Time
"Anderson, Carol ",10069,0,5,5,3,0,50825,1,19,Production Technician I,QLD,8/09/1994,Female,Citizen,No,11/07/2016,6/09/2021,return to school,Voluntarily Terminated,Production       ,Webster Butler,39,Google Search,Fully Meets,5,4,0,0,2,Full-Time
"Anderson, Linda  ",10002,0,1,5,4,0,57568,0,19,Production Technician I,QLD,22/05/1982,Female,Citizen,No,9/01/2017,,N/A-StillEmployed,Active,Production       ,Amy Dunn,11,LinkedIn,Exceeds,5,5,0,0,15,Full-Time
"Andreola, Colby",10194,0,1,4,3,0,95660,0,24,Software Engineer,QLD,24/05/1984,Female,Citizen,No,10/11/2019,,N/A-StillEmployed,Active,Software Engineering,Alex Sweetwater,10,LinkedIn,Fully Meets,3.04,3,4,0,19,Full-Time
"Athwal, Sam",10062,1,1,5,3,0,59365,0,19,Production Technician I,QLD,18/02/1988,Male,Citizen,No,30/09/2018,,N/A-StillEmployed,Active,Production       ,Ketsia Liebig,19,Employee Referral,Fully Meets,5,4,0,0,19,Full-Time
"Bachiochi, Linda",10114,0,3,5,3,1,47837,0,19,Production Technician I,QLD,11/02/1975,Female,Citizen,No,6/07/2014,,N/A-StillEmployed,Active,Production       ,Brannon Miller,12,Diversity Job Fair,Fully Meets,4.46,3,0,0,4,Full-Time
"Bacong, Alejandro ",10250,1,1,3,3,0,50178,0,14,IT Support,QLD,7/01/1993,Male,Citizen,No,5/01/2020,,N/A-StillEmployed,Active,IT/IS,Peter Monroe,7,Indeed,Fully Meets,5,5,6,0,16,Full-Time
"Baczenski, Rachael  ",10252,0,5,5,3,1,54670,1,19,Production Technician I,QLD,12/01/1979,Female,Citizen,Yes,10/01/2016,12/01/2022,Another position,Voluntarily Terminated,Production       ,David Stanley,14,Diversity Job Fair,Fully Meets,4.2,4,0,0,12,Full-Time
"Barbara, Thomas",10242,1,5,5,3,1,47211,1,19,Production Technician I,QLD,21/02/1979,Male,Citizen,Yes,2/04/2017,19/09/2021,unhappy,Voluntarily Terminated,Production       ,Kissy Sullivan,20,Diversity Job Fair,Fully Meets,4.2,3,0,0,15,Full-Time
"Barbossa, Hector",10012,1,1,3,4,1,92328,0,9,Data Analyst,VIC,4/07/1993,Male,Citizen,No,10/11/2019,,N/A-StillEmployed,Active,IT/IS,Simon Roup,4,Diversity Job Fair,Exceeds,4.28,4,5,0,9,Part-Time
"Barone, Francesco  A",10265,1,1,5,3,0,58709,0,19,Production Technician I,QLD,20/07/1988,Male,Citizen,No,20/02/2017,,N/A-StillEmployed,Active,Production       ,Kelley Spirea,18,Google Search,Fully Meets,4.6,4,0,0,7,Fixed Term Part-Time
"Barton, Nader",10066,1,5,5,3,0,52505,1,19,Production Technician I,QLD,15/07/1982,Male,Citizen,No,24/09/2017,6/04/2022,Another position,Voluntarily Terminated,Production       ,Michael Albert,22,On-line Web application,Fully Meets,5,5,0,0,1,Fixed Term Part-Time
"Bates, Norman",10061,1,4,5,3,0,57834,1,19,Production Technician I,QLD,18/10/1986,Male,Citizen,No,21/02/2016,4/08/2022,attendance,Terminated for Cause,Production       ,Kelley Spirea,18,Google Search,Fully Meets,5,4,0,0,20,Fixed Term Part-Time
"Beak, Kimberly  ",10023,0,2,5,4,0,70131,0,20,Production Technician II,QLD,17/04/1971,Female,Citizen,No,21/07/2021,,N/A-StillEmployed,Active,Production       ,Kelley Spirea,18,Employee Referral,Exceeds,4.4,3,0,0,16,Fixed Term Part-Time
"Beatrice, Courtney ",10055,0,1,5,3,0,59026,0,19,Production Technician I,QLD,27/10/1975,Female,Permanent Resident,No,4/04/2016,,N/A-StillEmployed,Active,Production       ,Elijiah Gray,16,Google Search,Fully Meets,5,5,0,0,12,Fixed Term Part-Time
"Becker, Renee",10245,0,4,3,3,0,110000,1,8,Database Administrator,QLD,4/04/1991,Female,Citizen,Yes,7/07/2019,12/09/2020,performance,Terminated for Cause,IT/IS,Simon Roup,4,Google Search,Fully Meets,4.5,4,5,0,8,Full-Time
"Becker, Scott",10277,1,3,5,3,0,53250,0,19,Production Technician I,QLD,6/04/1984,Male,Citizen,No,8/07/2018,,N/A-StillEmployed,Active,Production       ,Webster Butler,,LinkedIn,Fully Meets,4.2,4,0,0,13,Full-Time
"Bernstein, Sean",10046,1,1,5,3,0,51044,0,19,Production Technician I,QLD,22/12/1975,Male,Citizen,Yes,2/04/2017,,N/A-StillEmployed,Active,Production       ,Amy Dunn,11,Google Search,Fully Meets,5,3,0,0,13,Full-Time
"Biden, Lowan  M",10226,0,1,5,3,0,64919,0,19,Production Technician I,QLD,27/12/1963,Female,Citizen,No,19/08/2018,,N/A-StillEmployed,Active,Production       ,Ketsia Liebig,19,Indeed,Fully Meets,4.2,3,0,0,2,Full-Time
"Billis, Helen",10003,0,1,5,4,0,62910,0,19,Production Technician I,QLD,1/09/1994,Female,Citizen,No,7/07/2019,,N/A-StillEmployed,Active,Production       ,Brannon Miller,12,Indeed,Exceeds,5,3,0,0,19,Full-Time
"Blount, Dianna",10294,0,1,5,2,0,66441,0,20,Production Technician II,QLD,21/09/1995,Female,Citizen,No,4/04/2016,,N/A-StillEmployed,Active,Production       ,Michael Albert,22,CareerBuilder,Needs Improvement,2,3,0,2,3,Full-Time
"Bondwell, Betsy",10267,0,5,5,3,0,57815,1,20,Production Technician II,QLD,16/01/1972,Female,Citizen,No,10/01/2016,4/04/2019,career change,Voluntarily Terminated,Production       ,Elijiah Gray,16,Google Search,Fully Meets,4.8,5,0,0,5,Full-Time
"Booth, Frank",10199,1,4,3,3,0,103613,1,30,Enterprise Architect,NSW,30/07/1969,Male,Citizen,No,17/02/2019,19/02/2021,Learned that he is a gangster,Terminated for Cause,IT/IS,Simon Roup,4,LinkedIn,Fully Meets,3.5,5,7,0,2,Fixed Term Full-Time
"Boutwell, Bonalyn",10081,0,1,1,3,1,106367,0,26,Sr. Accountant,QLD,4/04/1992,Female,Citizen,No,16/02/2020,,N/A-StillEmployed,Active,Admin Offices,Brandon R. LeBlanc,3,Diversity Job Fair,Fully Meets,5,4,3,0,4,Full-Time
"Bozzi, Charles",10175,1,5,5,3,0,74312,1,18,Production Manager,QLD,10/03/1975,Male,Citizen,No,30/09/2018,7/08/2019,retiring,Voluntarily Terminated,Production       ,Janet King,2,Indeed,Fully Meets,3.39,3,0,0,14,Full-Time
"Brill, Donna",10177,0,5,5,3,0,53492,1,19,Production Technician I,QLD,24/08/1995,Female,Citizen,No,2/04/2017,15/06/2018,Another position,Voluntarily Terminated,Production       ,David Stanley,14,Google Search,Fully Meets,3.35,4,0,0,6,Full-Time
"Brown, Mia",10238,0,1,1,3,1,63000,0,1,Accountant I,QLD,24/11/1992,Female,Citizen,No,27/10/2013,,N/A-StillEmployed,Active,Admin Offices,Brandon R. LeBlanc,1,Diversity Job Fair,Fully Meets,4.5,2,6,0,14,Part-Time
"Buccheri, Joseph  ",10184,1,1,5,3,0,65288,0,20,Production Technician II,QLD,28/07/1988,Male,Citizen,No,29/09/2019,,N/A-StillEmployed,Active,Production       ,Webster Butler,,Google Search,Fully Meets,3.19,3,0,0,9,Full-Time
"Bugali, Josephine ",10203,0,3,5,3,1,64375,0,19,Production Technician I,QLD,30/10/1974,Female,Citizen,No,11/11/2018,,N/A-StillEmployed,Active,Production       ,Kissy Sullivan,20,Diversity Job Fair,Fully Meets,3.5,5,0,0,17,Full-Time
"Bunbury, Jessica",10188,0,5,6,3,0,74326,1,3,Area Sales Manager,NSW,1/06/1969,Female,Permanent Resident,No,15/08/2016,2/08/2019,Another position,Voluntarily Terminated,Sales,John Smith,17,Google Search,Fully Meets,3.14,5,0,1,19,Full-Time
"Burke, Joelle",10107,0,1,5,3,0,63763,0,20,Production Technician II,QLD,2/03/1985,Female,Citizen,No,5/03/2017,,N/A-StillEmployed,Active,Production       ,Amy Dunn,11,Employee Referral,Fully Meets,4.51,4,0,0,3,Full-Time
"Burkett, Benjamin ",10181,1,1,5,3,0,62162,0,20,Production Technician II,QLD,19/08/1982,Male,Citizen,No,4/04/2016,,N/A-StillEmployed,Active,Production       ,Ketsia Liebig,19,Indeed,Fully Meets,3.25,5,0,0,15,Full-Time
"Cady, Max ",10150,1,1,4,3,0,77692,0,25,Software Engineering Manager,QLD,22/11/1971,Male,Citizen,No,15/08/2016,,N/A-StillEmployed,Active,Software Engineering,Jennifer Zamora,5,Google Search,Fully Meets,3.84,3,5,0,4,Full-Time
"Candie, Calvin",10001,1,1,5,4,0,72640,0,18,Production Manager,QLD,9/08/1988,Male,Citizen,No,28/01/2021,,N/A-StillEmployed,Active,Production       ,Janet King,2,Indeed,Exceeds,5,3,0,0,14,Full-Time
"Carabbio, Judith",10085,0,1,4,3,0,93396,0,24,Software Engineer,QLD,5/04/1992,Female,Citizen,No,11/11/2018,,N/A-StillEmployed,Active,Software Engineering,Alex Sweetwater,10,Indeed,Fully Meets,4.96,4,6,0,3,Full-Time
"Carey, Michael  ",10115,1,1,5,3,0,52846,0,19,Production Technician I,QLD,2/02/1988,Male,Citizen,No,31/03/2019,,N/A-StillEmployed,Active,Production       ,Kelley Spirea,18,LinkedIn,Fully Meets,4.43,3,0,0,14,Full-Time
"Carr, Claudia  N",10082,0,2,3,3,0,100031,0,27,Sr. DBA,QLD,6/06/1991,Female,Citizen,No,30/06/2021,,N/A-StillEmployed,Active,IT/IS,Simon Roup,4,LinkedIn,Fully Meets,5,5,6,0,7,Full-Time
"Carter, Michelle ",10040,0,1,6,3,0,71860,0,3,Area Sales Manager,ACT,15/05/1968,Female,Citizen,No,18/08/2019,,N/A-StillEmployed,Active,Sales,John Smith,17,Indeed,Fully Meets,5,5,0,0,7,Full-Time
"Chace, Beatrice ",10067,0,1,5,3,0,61656,0,19,Production Technician I,QLD,2/01/1956,Female,Citizen,No,29/09/2019,,N/A-StillEmployed,Active,Production       ,Michael Albert,22,Google Search,Fully Meets,5,4,0,0,11,Full-Time
"Champaigne, Brian",10108,1,1,3,3,0,110929,0,5,BI Director,QLD,9/02/1977,Male,Citizen,No,6/09/2021,,N/A-StillEmployed,Active,IT/IS,Jennifer Zamora,5,Indeed,Fully Meets,4.5,5,7,0,8,Full-Time
"Chan, Lin",10210,0,1,5,3,0,54237,0,19,Production Technician I,QLD,12/02/1984,Female,Citizen,No,12/05/2019,,N/A-StillEmployed,Active,Production       ,Elijiah Gray,16,Indeed,Fully Meets,3.3,4,0,0,11,Full-Time
"Chang, Donovan  E",10154,1,1,5,3,0,60380,0,19,Production Technician I,QLD,24/08/1988,Male,Citizen,No,8/07/2018,,N/A-StillEmployed,Active,Production       ,Webster Butler,,LinkedIn,Fully Meets,3.8,5,0,0,4,Full-Time
"Chigurh, Anton",10200,1,1,6,3,0,66808,0,3,Area Sales Manager,VIC,11/06/1975,Male,Permanent Resident,No,14/05/2017,,N/A-StillEmployed,Active,Sales,Lynn Daneault,21,Employee Referral,Fully Meets,3,5,0,0,17,Full-Time
"Chivukula, Enola",10240,0,5,5,3,0,64786,1,19,Production Technician I,QLD,27/08/1988,Female,Citizen,No,27/06/2016,15/11/2020,relocation out of area,Voluntarily Terminated,Production       ,Amy Dunn,11,Indeed,Fully Meets,4.3,4,0,0,3,Full-Time
"Cierpiszewski, Caroline  ",10168,0,1,5,3,0,64816,0,19,Production Technician I,QLD,31/05/1993,Female,Work Visa,No,3/10/2016,,N/A-StillEmployed,Active,Production       ,Ketsia Liebig,19,Indeed,Fully Meets,3.58,5,0,0,3,Full-Time
"Clayton, Rick",10220,1,1,3,3,0,68678,0,14,IT Support,QLD,5/09/1990,Male,Citizen,No,5/09/2017,,N/A-StillEmployed,Active,IT/IS,Eric Dougall,6,Indeed,Fully Meets,4.7,3,6,0,2,Full-Time
"Cloninger, Jennifer",10275,0,5,5,3,0,64066,1,20,Production Technician II,QLD,31/08/1986,Female,Citizen,No,16/05/2016,7/01/2018,unhappy,Voluntarily Terminated,Production       ,Brannon Miller,12,Google Search,Fully Meets,4.2,5,0,0,9,Full-Time
"Close, Phil",10269,1,5,5,3,0,59369,1,20,Production Technician II,QLD,25/11/1983,Male,Citizen,No,30/08/2015,26/09/2016,career change,Voluntarily Terminated,Production       ,David Stanley,14,Indeed,Fully Meets,4.2,4,0,0,6,Full-Time
"Clukey, Elijian",10029,1,2,5,4,0,50373,0,19,Production Technician I,QLD,26/08/1985,Male,Citizen,No,6/07/2021,,N/A-StillEmployed,Active,Production       ,Brannon Miller,12,Employee Referral,Exceeds,4.1,4,0,0,5,Full-Time
"Cockel, James",10261,1,1,5,3,0,63108,0,19,Production Technician I,QLD,8/09/1982,Male,Citizen,No,8/07/2018,,N/A-StillEmployed,Active,Production       ,David Stanley,14,Employee Referral,Fully Meets,4.4,5,0,0,3,Full-Time
"Cole, Spencer",10292,1,4,5,2,0,59144,1,19,Production Technician I,QLD,12/08/1984,Male,Citizen,No,11/07/2016,23/09/2021,performance,Terminated for Cause,Production       ,Kissy Sullivan,20,LinkedIn,Needs Improvement,2,3,0,5,16,Full-Time
"Corleone, Michael",10282,1,1,5,2,0,68051,0,18,Production Manager,QLD,17/12/1980,Male,Citizen,No,20/07/2015,,N/A-StillEmployed,Active,Production       ,Janet King,2,CareerBuilder,Needs Improvement,4.13,2,0,3,3,Full-Time
"Corleone, Vito",10019,1,1,5,4,0,170500,0,10,Director of Operations,QLD,19/03/1988,Male,Citizen,No,5/01/2014,,N/A-StillEmployed,Active,Production       ,Janet King,2,Indeed,Exceeds,3.7,5,0,0,15,Full-Time
"Cornett, Lisa ",10094,0,1,5,3,0,63381,0,19,Production Technician I,QLD,31/03/1982,Female,Citizen,Yes,5/01/2020,,N/A-StillEmployed,Active,Production       ,Kelley Spirea,18,Indeed,Fully Meets,4.73,5,0,0,6,Full-Time
"Costello, Frank",10193,1,1,3,3,0,83552,0,9,Data Analyst,QLD,26/08/1991,Male,Citizen,No,30/03/2020,,N/A-StillEmployed,Active,IT/IS,Simon Roup,4,Indeed,Fully Meets,3.04,3,6,0,2,Full-Time
"Crimmings,   Jean",10132,0,2,5,3,0,56149,0,19,Production Technician I,QLD,10/04/1992,Female,Citizen,No,6/07/2021,,N/A-StillEmployed,Active,Production       ,Michael Albert,22,LinkedIn,Fully Meets,4.12,5,0,0,15,Full-Time
"Cross, Noah",10083,1,1,3,3,0,92329,0,28,Sr. Network Engineer,NSW,9/09/1970,Male,Citizen,No,10/11/2019,,N/A-StillEmployed,Active,IT/IS,Peter Monroe,7,Employee Referral,Fully Meets,5,3,4,0,5,Full-Time
"Daneault, Lynn",10099,0,1,6,3,0,65729,0,21,Sales Manager,ACT,19/04/1995,Female,Citizen,No,5/05/2019,,N/A-StillEmployed,Active,Sales,Debra Houlihan,15,Indeed,Fully Meets,4.62,4,0,0,8,Full-Time
"Daniele, Ann  ",10212,0,3,3,3,0,85028,0,28,Sr. Network Engineer,NSW,18/01/1957,Female,Citizen,No,10/11/2019,,N/A-StillEmployed,Active,IT/IS,Peter Monroe,7,LinkedIn,Fully Meets,3.1,5,8,0,19,Full-Time
"Darson, Jene'ya ",10056,0,1,5,3,0,57583,0,19,Production Technician I,QLD,5/11/1983,Female,Citizen,No,2/07/2017,,N/A-StillEmployed,Active,Production       ,Elijiah Gray,16,Indeed,Fully Meets,5,3,0,0,1,Full-Time
"Davis, Daniel",10143,1,1,5,3,0,56294,0,20,Production Technician II,QLD,14/09/1984,Male,Permanent Resident,No,7/11/2016,,N/A-StillEmployed,Active,Production       ,Kissy Sullivan,20,LinkedIn,Fully Meets,3.96,4,0,0,6,Full-Time
"Dee, Randy",10311,1,1,6,1,0,56991,0,19,Production Technician I,QLD,15/04/1993,Male,Citizen,No,9/07/2023,,N/A-StillEmployed,Active,Production       ,Brannon Miller,12,Indeed,Fully Meets,4.3,4,3,2,2,Full-Time
"DeGweck,  James",10070,1,5,5,3,0,55722,1,19,Production Technician I,QLD,31/10/1982,Male,Citizen,No,16/05/2016,8/06/2021,unhappy,Voluntarily Terminated,Production       ,Webster Butler,39,Indeed,Fully Meets,5,4,0,0,14,Full-Time
"Del Bosque, Keyla",10155,0,1,4,3,0,101199,0,24,Software Engineer,QLD,5/07/1984,Female,Citizen,No,9/01/2017,,N/A-StillEmployed,Active,Software Engineering,Alex Sweetwater,10,CareerBuilder,Fully Meets,3.79,5,5,0,8,Full-Time
"Delarge, Alex",10306,1,1,6,1,0,61568,0,3,Area Sales Manager,NSW,2/11/1980,Male,Citizen,No,29/09/2019,,N/A-StillEmployed,Active,Sales,John Smith,17,Indeed,PIP,1.93,3,0,6,5,Full-Time
"Demita, Carla",10100,0,5,5,3,0,58275,1,20,Production Technician II,QLD,25/02/1956,Female,Citizen,No,4/04/2016,4/11/2020,more money,Voluntarily Terminated,Production       ,Kelley Spirea,18,Google Search,Fully Meets,4.62,5,0,0,1,Full-Time
"Desimone, Carl ",10310,1,1,5,1,0,53189,0,19,Production Technician I,QLD,19/04/1972,Male,Citizen,No,7/07/2019,,N/A-StillEmployed,Active,Production       ,Amy Dunn,11,Indeed,PIP,1.12,2,0,4,9,Full-Time
"DeVito, Tommy",10197,1,1,3,3,0,96820,0,4,BI Developer,QLD,4/09/1988,Male,Citizen,No,15/02/2022,,N/A-StillEmployed,Active,IT/IS,Brian Champaigne,13,Indeed,Fully Meets,3.01,5,7,0,15,Full-Time
"Dickinson, Geoff ",10276,1,1,5,3,0,51259,0,19,Production Technician I,QLD,15/11/1987,Male,Citizen,No,12/05/2019,,N/A-StillEmployed,Active,Production       ,Ketsia Liebig,19,Indeed,Fully Meets,4.3,4,0,0,1,Full-Time
"Dietrich, Jenna  ",10304,0,1,6,1,0,59231,0,3,Area Sales Manager,NSW,14/05/1992,Female,Citizen,Yes,20/02/2017,,N/A-StillEmployed,Active,Sales,John Smith,17,Website,PIP,2.3,1,0,2,17,Full-Time
"DiNocco, Lily ",10284,0,1,5,2,0,61584,0,19,Production Technician I,QLD,2/12/1983,Female,Citizen,No,7/01/2018,,N/A-StillEmployed,Active,Production       ,Brannon Miller,12,Indeed,Needs Improvement,3.88,4,0,0,6,Full-Time
"Dobrin, Denisa  S",10207,0,1,5,3,0,46335,0,19,Production Technician I,QLD,7/10/1991,Female,Citizen,Yes,2/04/2017,,N/A-StillEmployed,Active,Production       ,David Stanley,14,CareerBuilder,Fully Meets,3.4,5,0,0,15,Full-Time
"Dolan, Linda",10133,0,1,3,3,0,70621,0,14,IT Support,QLD,18/07/1993,Female,Citizen,No,5/01/2020,,N/A-StillEmployed,Active,IT/IS,Peter Monroe,7,Employee Referral,Fully Meets,4.11,4,6,0,16,Casual 
"Dougall, Eric",10028,1,1,3,4,0,138888,0,13,IT Manager - Support,QLD,9/07/1975,Male,Citizen,No,5/01/2019,,N/A-StillEmployed,Active,IT/IS,Jennifer Zamora,5,Indeed,Exceeds,4.3,5,5,0,4,Full-Time
"Driver, Elle",10006,0,1,6,4,0,74241,0,3,Area Sales Manager,NSW,8/11/1993,Female,Citizen,No,10/01/2016,,N/A-StillEmployed,Active,Sales,Lynn Daneault,21,Indeed,Exceeds,4.77,5,0,0,14,Full-Time
"Dunn, Amy  ",10105,0,1,5,3,0,75188,0,18,Production Manager,QLD,28/11/1978,Female,Citizen,No,18/09/2019,,N/A-StillEmployed,Active,Production       ,Janet King,2,Google Search,Fully Meets,4.52,4,0,0,4,Full-Time
"Dunne, Amy",10211,0,1,5,3,0,62514,0,19,Production Technician I,QLD,23/09/1978,Female,Citizen,No,26/04/2015,,N/A-StillEmployed,Active,Production       ,Ketsia Liebig,19,Google Search,Fully Meets,2.9,3,0,0,6,Fixed Term Part-Time
"Eaton, Marianne",10064,0,5,5,3,0,60070,1,19,Production Technician I,QLD,5/09/1996,Female,Citizen,No,4/04/2016,6/06/2022,military,Voluntarily Terminated,Production       ,Kissy Sullivan,20,Google Search,Fully Meets,5,3,0,0,7,Fixed Term Part-Time
"Engdahl, Jean",10247,1,1,5,3,0,48888,0,19,Production Technician I,QLD,31/05/1979,Male,Citizen,No,10/11/2019,,N/A-StillEmployed,Active,Production       ,Kelley Spirea,18,LinkedIn,Fully Meets,4.7,5,0,0,8,Fixed Term Part-Time
"England, Rex",10235,1,1,5,3,0,54285,0,19,Production Technician I,QLD,25/08/1983,Male,Citizen,No,31/03/2019,,N/A-StillEmployed,Active,Production       ,Kelley Spirea,18,Employee Referral,Fully Meets,4.2,3,0,0,3,Casual 
"Erilus, Angela",10299,0,1,5,1,0,56847,0,20,Production Technician II,QLD,25/08/1994,Female,Citizen,No,7/07/2019,,N/A-StillEmployed,Active,Production       ,Michael Albert,22,Indeed,PIP,3,1,0,2,5,Full-Time
"Estremera, Miguel",10280,1,4,5,2,0,60340,1,19,Production Technician I,QLD,2/09/1988,Male,Citizen,No,2/04/2017,27/09/2023,attendance,Terminated for Cause,Production       ,Michael Albert,22,Google Search,Needs Improvement,5,4,0,5,16,Full-Time
"Evensen, April",10296,0,4,5,2,0,59124,1,19,Production Technician I,QLD,6/05/1994,Female,Citizen,No,17/02/2019,25/02/2023,"no-call, no-show",Terminated for Cause,Production       ,Elijiah Gray,16,Google Search,Needs Improvement,2.3,3,0,5,19,Full-Time
"Exantus, Susan",10290,0,4,4,2,0,99280,1,24,Software Engineer,QLD,15/05/1992,Female,Citizen,No,2/05/2016,5/06/2018,attendance,Terminated for Cause,Software Engineering,Alex Sweetwater,10,Indeed,Needs Improvement,2.1,5,4,4,19,Full-Time
"Faller, Megan ",10263,0,1,5,3,0,71776,0,20,Production Technician II,QLD,22/09/1983,Female,Citizen,No,7/07/2019,,N/A-StillEmployed,Active,Production       ,Elijiah Gray,16,LinkedIn,Fully Meets,4.4,5,0,0,17,Full-Time
"Fancett, Nicole",10136,0,1,5,3,0,65902,0,20,Production Technician II,QLD,27/09/1992,Female,Citizen,No,17/02/2019,,N/A-StillEmployed,Active,Production       ,Webster Butler,,LinkedIn,Fully Meets,4,4,0,0,7,Full-Time
"Ferguson, Susan",10189,0,5,5,3,0,57748,1,19,Production Technician I,QLD,14/04/1960,Female,Citizen,No,7/11/2016,17/05/2021,military,Voluntarily Terminated,Production       ,Webster Butler,39,Google Search,Fully Meets,3.13,3,0,0,16,Full-Time
"Fernandes, Nilson  ",10308,1,1,5,1,0,64057,0,19,Production Technician I,QLD,18/10/1994,Male,Citizen,No,11/05/2020,,N/A-StillEmployed,Active,Production       ,Amy Dunn,11,Indeed,PIP,1.56,5,0,6,15,Full-Time
"Fett, Boba",10309,1,1,3,1,0,53366,0,15,Network Engineer,QLD,18/06/1992,Male,Citizen,No,30/03/2020,,N/A-StillEmployed,Active,IT/IS,Peter Monroe,7,LinkedIn,PIP,1.2,3,6,3,2,Full-Time
"Fidelia,  Libby",10049,0,1,5,3,0,58530,0,19,Production Technician I,QLD,16/03/1986,Female,Citizen,No,9/01/2017,,N/A-StillEmployed,Active,Production       ,Brannon Miller,12,Google Search,Fully Meets,5,5,0,0,19,Full-Time
"Fitzpatrick, Michael  J",10093,1,5,5,3,0,72609,1,20,Production Technician II,QLD,1/10/1986,Male,Citizen,Yes,16/05/2016,24/06/2018,hours,Voluntarily Terminated,Production       ,Amy Dunn,11,Google Search,Fully Meets,4.76,5,0,0,20,Full-Time
"Foreman, Tanya",10163,0,5,5,3,0,55965,1,20,Production Technician II,QLD,8/11/1988,Female,Citizen,No,4/04/2016,9/01/2018,career change,Voluntarily Terminated,Production       ,Ketsia Liebig,19,Google Search,Fully Meets,3.66,3,0,0,6,Full-Time
"Forrest, Alex",10305,1,1,6,3,0,70187,1,3,Area Sales Manager,QLD,7/07/1980,Male,Citizen,No,29/09/2019,19/08/2023,Fatal attraction,Terminated for Cause,Sales,Lynn Daneault,21,Employee Referral,PIP,2,5,0,4,7,Full-Time
"Foss, Jason",10015,1,1,3,4,0,178000,0,12,IT Director,QLD,5/07/1985,Male,Citizen,No,15/04/2016,,N/A-StillEmployed,Active,IT/IS,Jennifer Zamora,5,Indeed,Exceeds,5,5,5,0,15,Full-Time
"Foster-Baker, Amy",10080,0,1,1,3,0,99351,0,26,Sr. Accountant,QLD,16/04/1984,Female,Citizen,no,5/01/2014,,N/A-StillEmployed,Active,Admin Offices,Board of Directors,9,Other,Fully Meets,5,3,2,0,3,Full-Time
"Fraval, Maruk ",10258,1,1,6,3,0,67251,0,3,Area Sales Manager,NSW,28/08/1968,Male,Citizen,No,6/09/2016,,N/A-StillEmployed,Active,Sales,Lynn Daneault,21,CareerBuilder,Fully Meets,4.3,3,0,2,7,Full-Time
"Galia, Lisa",10273,0,1,3,3,0,65707,0,14,IT Support,NSW,6/07/1973,Female,Citizen,No,1/05/2015,,N/A-StillEmployed,Active,IT/IS,Eric Dougall,6,LinkedIn,Fully Meets,4.7,4,5,0,1,Casual 
"Garcia, Raul",10111,1,1,5,3,0,52249,0,19,Production Technician I,QLD,15/09/1990,Male,Citizen,Yes,30/03/2020,,N/A-StillEmployed,Active,Production       ,David Stanley,14,Employee Referral,Fully Meets,4.5,3,0,0,5,Full-Time
"Gaul, Barbara",10257,0,1,5,3,0,53171,0,19,Production Technician I,QLD,2/12/1988,Female,Citizen,Yes,16/05/2016,,N/A-StillEmployed,Active,Production       ,Kelley Spirea,18,LinkedIn,Fully Meets,4.2,4,0,0,12,Full-Time
"Gentry, Mildred",10159,0,1,5,3,0,51337,0,19,Production Technician I,QLD,1/10/1995,Female,Citizen,No,30/03/2020,,N/A-StillEmployed,Active,Production       ,Michael Albert,22,LinkedIn,Fully Meets,3.73,3,0,0,19,Full-Time
"Gerke, Melisa",10122,0,5,5,3,1,51505,1,19,Production Technician I,QLD,15/05/1975,Female,Citizen,No,7/11/2016,15/11/2021,hours,Voluntarily Terminated,Production       ,Elijiah Gray,16,Diversity Job Fair,Fully Meets,4.24,4,0,0,2,Full-Time
"Gill, Whitney  ",10142,0,4,6,3,0,59370,1,3,Area Sales Manager,NSW,10/07/1976,Female,Citizen,No,7/07/2019,5/09/2020,attendance,Terminated for Cause,Sales,John Smith,17,CareerBuilder,Fully Meets,3.97,4,0,0,7,Full-Time
"Gilles, Alex",10283,1,5,5,2,1,54933,1,19,Production Technician I,QLD,9/08/1979,Male,Citizen,No,2/04/2017,25/06/2020,military,Voluntarily Terminated,Production       ,Webster Butler,39,Diversity Job Fair,Needs Improvement,3.97,4,0,3,15,Full-Time
"Girifalco, Evelyn",10018,0,1,5,4,0,57815,0,19,Production Technician I,QLD,8/05/1985,Female,Citizen,Yes,29/09/2019,,N/A-StillEmployed,Active,Production       ,Amy Dunn,11,Indeed,Exceeds,3.9,4,0,0,3,Full-Time
"Givens, Myriam",10255,0,1,6,3,0,61555,0,3,Area Sales Manager,NSW,22/09/1994,Female,Citizen,No,16/02/2020,,N/A-StillEmployed,Active,Sales,Lynn Daneault,21,Indeed,Fully Meets,4.5,5,0,0,20,Full-Time
"Goble, Taisha",10246,0,4,3,3,0,114800,1,8,Database Administrator,QLD,23/10/1976,Female,Citizen,No,16/02/2020,15/03/2020,"no-call, no-show",Terminated for Cause,IT/IS,Simon Roup,4,Indeed,Fully Meets,4.6,4,4,0,10,Full-Time
"Goeth, Amon",10228,1,1,3,3,0,74679,0,14,IT Support,QLD,24/11/1994,Male,Citizen,Yes,30/03/2020,,N/A-StillEmployed,Active,IT/IS,Peter Monroe,7,LinkedIn,Fully Meets,4.3,5,7,0,20,Fixed Term Part-Time
"Gold, Shenice  ",10243,0,1,5,3,0,53018,0,19,Production Technician I,QLD,18/06/1997,Female,Citizen,Yes,11/11/2018,,N/A-StillEmployed,Active,Production       ,Ketsia Liebig,19,Indeed,Fully Meets,4.3,5,0,0,7,Full-Time
"Gonzalez, Cayo",10031,1,1,5,4,1,59892,0,19,Production Technician I,QLD,29/09/1974,Male,Citizen,No,11/07/2016,,N/A-StillEmployed,Active,Production       ,Brannon Miller,12,Diversity Job Fair,Exceeds,4.5,4,0,0,1,Full-Time
"Gonzalez, Juan",10300,1,5,5,1,1,68898,1,20,Production Technician II,QLD,12/10/1969,Male,Citizen,No,26/04/2015,30/05/2016,career change,Voluntarily Terminated,Production       ,Brannon Miller,12,Diversity Job Fair,PIP,3,3,0,3,10,Full-Time
"Gonzalez, Maria",10101,0,1,3,3,0,61242,0,14,IT Support,QLD,16/04/1986,Female,Citizen,Yes,5/01/2020,,N/A-StillEmployed,Active,IT/IS,Peter Monroe,7,Employee Referral,Fully Meets,4.61,4,5,0,11,Fixed Term Part-Time
"Good, Susan",10237,0,3,5,3,0,66825,0,20,Production Technician II,QLD,25/05/1991,Female,Citizen,No,12/05/2019,,N/A-StillEmployed,Active,Production       ,David Stanley,14,LinkedIn,Fully Meets,4.6,3,0,0,20,Full-Time
"Gordon, David",10051,1,1,5,3,0,48285,0,19,Production Technician I,QLD,21/05/1984,Male,Citizen,No,2/07/2017,,N/A-StillEmployed,Active,Production       ,David Stanley,14,LinkedIn,Fully Meets,5,3,0,0,2,Fixed Term Part-Time
"Gosciminski, Phylicia  ",10218,0,3,5,3,0,66149,0,20,Production Technician II,QLD,8/12/1988,Female,Citizen,No,30/09/2018,,N/A-StillEmployed,Active,Production       ,Kissy Sullivan,20,Google Search,Fully Meets,4.4,5,0,0,1,Fixed Term Part-Time
"Goyal, Roxana",10256,0,3,5,3,0,49256,0,19,Production Technician I,QLD,9/10/1979,Female,Citizen,No,19/08/2018,,N/A-StillEmployed,Active,Production       ,Kissy Sullivan,20,LinkedIn,Fully Meets,4.1,5,0,0,3,Fixed Term Part-Time
"Gray, Elijiah  ",10098,1,1,5,3,0,62957,0,18,Production Manager,QLD,11/07/1986,Male,Citizen,No,2/06/2020,,N/A-StillEmployed,Active,Production       ,Janet King,2,Employee Referral,Fully Meets,4.63,3,0,0,2,Full-Time
"Gross, Paula",10059,0,5,5,3,0,63813,1,19,Production Technician I,QLD,21/05/1988,Female,Citizen,No,21/02/2016,11/01/2019,more money,Voluntarily Terminated,Production       ,Kelley Spirea,18,CareerBuilder,Fully Meets,5,5,0,0,17,Full-Time
"Gruber, Hans",10234,1,1,3,3,0,99020,0,4,BI Developer,QLD,30/06/1994,Male,Citizen,No,20/04/2022,,N/A-StillEmployed,Active,IT/IS,Brian Champaigne,13,Indeed,Fully Meets,4.2,5,5,0,8,Full-Time
"Guilianno, Mike",10109,1,5,6,3,0,71707,1,3,Area Sales Manager,NSW,9/02/1974,Male,Citizen,No,7/03/2017,31/10/2019,relocation out of area,Voluntarily Terminated,Sales,John Smith,17,LinkedIn,Fully Meets,4.5,5,0,0,20,Full-Time
"Handschiegl, Joanne",10125,0,1,5,3,0,54828,0,19,Production Technician I,QLD,23/03/1982,Female,Citizen,No,28/11/2016,,N/A-StillEmployed,Active,Production       ,Michael Albert,22,Google Search,Fully Meets,4.2,4,0,0,13,Full-Time
"Hankard, Earnest",10074,1,1,5,3,0,64246,0,20,Production Technician II,QLD,10/08/1993,Male,Citizen,Yes,11/11/2018,,N/A-StillEmployed,Active,Production       ,Kelley Spirea,18,LinkedIn,Fully Meets,5,3,0,0,20,Full-Time
"Harrington, Christie ",10097,0,5,5,3,0,52177,1,19,Production Technician I,QLD,18/08/1957,Female,Citizen,No,9/01/2017,15/12/2020,retiring,Voluntarily Terminated,Production       ,Webster Butler,39,CareerBuilder,Fully Meets,4.64,4,0,0,8,Full-Time
"Harrison, Kara",10007,0,1,5,4,0,62065,0,19,Production Technician I,QLD,2/05/1979,Female,Citizen,No,12/05/2019,,N/A-StillEmployed,Active,Production       ,Amy Dunn,11,CareerBuilder,Exceeds,4.76,4,0,0,5,Full-Time
"Heitzman, Anthony",10129,2,1,5,3,0,46998,0,19,Production Technician I,QLD,4/01/1989,Non Binary,Citizen,No,13/08/2017,,N/A-StillEmployed,Active,Production       ,Ketsia Liebig,19,Google Search,Fully Meets,4.17,4,0,0,1,Full-Time
"Hendrickson, Trina",10075,0,5,5,3,0,68099,1,20,Production Technician II,QLD,27/08/1977,Female,Citizen,No,10/01/2016,18/06/2018,hours,Voluntarily Terminated,Production       ,Kelley Spirea,18,CareerBuilder,Fully Meets,5,3,0,0,15,Full-Time
"Hitchcock, Alfred",10167,1,1,6,3,0,70545,0,3,Area Sales Manager,NSW,14/09/1993,Male,Citizen,No,18/08/2019,,N/A-StillEmployed,Active,Sales,John Smith,17,Indeed,Fully Meets,3.6,5,0,0,9,Full-Time
"Homberger, Adrienne  J",10195,0,5,5,3,0,63478,1,20,Production Technician II,QLD,16/02/1989,Female,Work Visa,No,15/08/2016,7/04/2017,relocation out of area,Voluntarily Terminated,Production       ,Michael Albert,30,Indeed,Fully Meets,3.03,5,0,0,16,Full-Time
"Horton, Jayne",10112,0,1,3,3,0,97999,0,8,Database Administrator,QLD,21/02/1989,Female,Citizen,No,30/03/2020,,N/A-StillEmployed,Active,IT/IS,Simon Roup,4,Indeed,Fully Meets,4.48,5,6,0,4,Full-Time
"Houlihan, Debra",10272,0,1,6,3,0,180000,0,11,Director of Sales,NSW,17/03/1971,Female,Citizen,No,5/05/2019,,N/A-StillEmployed,Active,Sales,Janet King,2,LinkedIn,Fully Meets,4.5,4,0,0,19,Full-Time
"Howard, Estelle",10182,0,1,1,3,0,49920,1,2,Administrative Assistant,QLD,16/09/1990,Female,Citizen,No,16/02/2020,15/04/2020,"no-call, no-show",Terminated for Cause,Admin Offices,Brandon R. LeBlanc,1,Indeed,Fully Meets,3.24,3,4,0,6,Casual 
"Hudson, Jane",10248,0,1,5,3,0,55425,0,19,Production Technician I,QLD,10/06/1991,Female,Citizen,No,20/02/2017,,N/A-StillEmployed,Active,Production       ,Ketsia Liebig,19,LinkedIn,Fully Meets,4.8,4,0,0,4,Full-Time
"Hunts, Julissa",10201,0,2,5,3,0,69340,0,20,Production Technician II,QLD,11/03/1989,Female,Citizen,No,6/06/2021,,N/A-StillEmployed,Active,Production       ,Elijiah Gray,16,LinkedIn,Fully Meets,3,5,0,0,4,Full-Time
"Hutter, Rosalie",10214,0,2,5,3,0,64995,0,20,Production Technician II,QLD,7/05/1997,Female,Citizen,No,5/06/2020,,N/A-StillEmployed,Active,Production       ,Webster Butler,,Indeed,Fully Meets,4.5,3,0,0,6,Full-Time
"Huynh, Ming",10160,0,5,5,3,0,68182,1,20,Production Technician II,QLD,22/09/1981,Female,Citizen,No,21/02/2016,1/04/2018,unhappy,Voluntarily Terminated,Production       ,Amy Dunn,11,Google Search,Fully Meets,3.72,3,0,0,18,Full-Time
"Immediato, Walter",10289,1,5,5,2,0,83082,1,18,Production Manager,QLD,15/11/1981,Male,Citizen,No,21/02/2016,24/09/2017,unhappy,Voluntarily Terminated,Production       ,Janet King,2,Indeed,Needs Improvement,2.34,2,0,3,4,Full-Time
"Ivey, Rose ",10139,0,1,5,3,0,51908,0,19,Production Technician I,QLD,28/01/1996,Female,Citizen,No,19/08/2018,,N/A-StillEmployed,Active,Production       ,Brannon Miller,12,Indeed,Fully Meets,3.99,3,0,0,14,Part-Time
"Jackson, Maryellen",10227,0,1,5,3,0,61242,0,19,Production Technician I,QLD,11/09/1977,Female,Citizen,No,5/11/2017,,N/A-StillEmployed,Active,Production       ,David Stanley,14,LinkedIn,Fully Meets,4.1,3,0,0,7,Fixed Term Part-Time
"Jacobi, Hannah  ",10236,0,1,5,3,0,45069,0,19,Production Technician I,QLD,22/03/1971,Female,Citizen,No,30/09/2018,,N/A-StillEmployed,Active,Production       ,Kissy Sullivan,20,Employee Referral,Fully Meets,4.3,5,0,0,7,Fixed Term Part-Time
"Jeannite, Tayana",10009,0,1,5,4,0,60724,0,20,Production Technician II,QLD,6/11/1991,Female,Citizen,No,5/07/2016,,N/A-StillEmployed,Active,Production       ,Ketsia Liebig,19,LinkedIn,Exceeds,4.6,4,0,0,11,Full-Time
"Jhaveri, Sneha  ",10060,0,1,5,3,0,60436,0,19,Production Technician I,QLD,13/04/1969,Female,Citizen,No,6/01/2019,,N/A-StillEmployed,Active,Production       ,Kelley Spirea,18,LinkedIn,Fully Meets,5,5,0,0,9,Full-Time
"Johnson, George",10034,1,5,5,4,0,46837,1,19,Production Technician I,QLD,19/08/1964,Male,Citizen,No,7/11/2016,29/04/2023,more money,Voluntarily Terminated,Production       ,Michael Albert,22,CareerBuilder,Exceeds,4.7,4,0,0,9,Full-Time
"Johnson, Noelle ",10156,0,3,3,3,0,105700,0,8,Database Administrator,QLD,7/11/1991,Female,Citizen,No,5/01/2020,,N/A-StillEmployed,Active,IT/IS,Simon Roup,4,Indeed,Fully Meets,3.75,3,5,0,2,Full-Time
"Johnston, Yen",10036,0,1,5,4,0,63322,0,20,Production Technician II,QLD,8/09/1974,Female,Citizen,No,7/07/2019,,N/A-StillEmployed,Active,Production       ,Brannon Miller,12,LinkedIn,Exceeds,4.3,3,0,0,1,Full-Time
"Jung, Judy  ",10138,0,5,5,3,0,61154,1,19,Production Technician I,QLD,17/04/1991,Female,Citizen,No,10/01/2016,1/04/2021,unhappy,Voluntarily Terminated,Production       ,Elijiah Gray,16,CareerBuilder,Fully Meets,4,4,0,0,4,Full-Time
"Kampew, Donysha",10244,0,5,6,3,0,68999,1,21,Sales Manager,NSW,11/11/1994,Female,Citizen,No,7/11/2016,24/04/2019,maternity leave - did not return,Voluntarily Terminated,Sales,Debra Houlihan,15,Google Search,Fully Meets,4.5,5,0,0,2,Full-Time
"Keatts, Kramer ",10192,1,1,5,3,0,50482,0,19,Production Technician I,QLD,19/01/1981,Male,Citizen,No,30/09/2018,,N/A-StillEmployed,Active,Production       ,Michael Albert,22,Indeed,Fully Meets,3.07,4,0,0,10,Full-Time
"Khemmich, Bartholemew",10231,1,1,6,3,0,65310,0,3,Area Sales Manager,NSW,27/11/1984,Male,Citizen,No,19/08/2018,,N/A-StillEmployed,Active,Sales,Lynn Daneault,21,Indeed,Fully Meets,4.3,5,0,0,13,Full-Time
"King, Janet",10089,0,1,2,3,0,250000,0,16,President & CEO,QLD,21/09/1959,Female,Citizen,Yes,2/07/2017,,N/A-StillEmployed,Active,Executive Office,Board of Directors,9,Indeed,Fully Meets,4.83,3,0,0,10,Fixed Term Part-Time
"Kinsella, Kathleen  ",10166,0,5,5,3,0,54005,1,19,Production Technician I,QLD,8/12/1978,Female,Citizen,No,26/09/2016,4/06/2020,more money,Voluntarily Terminated,Production       ,Webster Butler,39,Google Search,Fully Meets,3.6,5,0,0,16,Full-Time
"Kirill, Alexandra  ",10170,0,5,5,3,0,45433,1,19,Production Technician I,QLD,8/10/1975,Female,Citizen,No,26/09/2016,9/01/2019,more money,Voluntarily Terminated,Production       ,Amy Dunn,11,Google Search,Fully Meets,3.49,4,0,0,6,Full-Time
"Knapp, Bradley  J",10208,1,1,5,3,0,46654,0,19,Production Technician I,QLD,10/11/1982,Male,Citizen,No,17/02/2019,,N/A-StillEmployed,Active,Production       ,Ketsia Liebig,19,LinkedIn,Fully Meets,3.1,3,0,0,3,Full-Time
"Kretschmer, John",10176,1,1,5,3,0,63973,0,19,Production Technician I,QLD,2/02/1985,Male,Citizen,No,10/01/2016,,N/A-StillEmployed,Active,Production       ,Brannon Miller,12,Indeed,Fully Meets,3.38,3,0,0,17,Full-Time
"Kreuger, Freddy",10165,1,1,6,3,1,71339,0,3,Area Sales Manager,NSW,24/02/1974,Male,Citizen,Yes,7/03/2016,,N/A-StillEmployed,Active,Sales,John Smith,17,Diversity Job Fair,Fully Meets,3.65,5,0,0,20,Full-Time
"Lajiri,  Jyoti",10113,1,3,3,3,0,93206,0,28,Sr. Network Engineer,QLD,23/04/1991,Male,Citizen,No,10/11/2019,,N/A-StillEmployed,Active,IT/IS,Peter Monroe,7,Employee Referral,Fully Meets,4.46,5,6,0,7,Full-Time
"Landa, Hans",10092,1,4,5,3,0,82758,1,18,Production Manager,QLD,1/07/1977,Male,Citizen,No,10/01/2016,12/12/2020,attendance,Terminated for Cause,Production       ,Janet King,2,Employee Referral,Fully Meets,4.78,4,0,0,9,Full-Time
"Langford, Lindsey",10106,0,5,5,3,0,66074,1,20,Production Technician II,QLD,25/07/1984,Female,Citizen,No,7/01/2018,31/03/2019,Another position,Voluntarily Terminated,Production       ,David Stanley,14,Indeed,Fully Meets,4.52,3,0,0,20,Full-Time
"Langton, Enrico",10052,1,1,5,3,0,46120,0,19,Production Technician I,QLD,9/12/1991,Male,Citizen,No,9/07/2017,,N/A-StillEmployed,Active,Production       ,David Stanley,14,LinkedIn,Fully Meets,5,5,0,0,13,Part-Time
"LaRotonda, William  ",10038,1,1,1,3,0,64520,0,1,Accountant I,QLD,26/04/1989,Male,Citizen,No,6/01/2019,,N/A-StillEmployed,Active,Admin Offices,Brandon R. LeBlanc,1,Website,Fully Meets,5,4,4,0,3,Full-Time
"Latif, Mohammed",10249,1,5,5,3,0,61962,1,20,Production Technician II,QLD,9/05/1989,Male,Citizen,No,2/04/2017,15/04/2018,more money,Voluntarily Terminated,Production       ,Kissy Sullivan,20,Google Search,Fully Meets,4.9,3,0,0,20,Full-Time
"Le, Binh",10232,2,1,3,3,0,81584,0,22,Senior BI Developer,QLD,14/06/1992,Non Binary,Citizen,No,2/10/2021,,N/A-StillEmployed,Active,IT/IS,Brian Champaigne,13,Indeed,Fully Meets,4.1,5,7,0,2,Full-Time
"Leach, Dallas",10087,0,5,5,3,0,63676,1,19,Production Technician I,QLD,17/01/1984,Female,Citizen,No,26/09/2016,19/08/2023,return to school,Voluntarily Terminated,Production       ,Kissy Sullivan,20,CareerBuilder,Fully Meets,4.88,3,0,0,17,Full-Time
"LeBlanc, Brandon  R",10134,1,1,1,3,0,93046,0,23,Shared Services Manager,QLD,10/06/1989,Male,Citizen,No,5/01/2021,,N/A-StillEmployed,Active,Admin Offices,Janet King,2,CareerBuilder,Fully Meets,4.1,4,0,0,20,Full-Time
"Lecter, Hannibal",10251,1,1,5,3,0,64738,0,19,Production Technician I,QLD,2/09/1987,Male,Citizen,No,14/05/2017,,N/A-StillEmployed,Active,Production       ,Elijiah Gray,16,Google Search,Fully Meets,4.1,3,0,0,10,Full-Time
"Leruth, Giovanni",10103,1,1,6,3,0,70468,0,3,Area Sales Manager,NSW,27/12/1993,Male,Citizen,No,30/04/2017,,N/A-StillEmployed,Active,Sales,John Smith,17,Website,Fully Meets,4.53,3,0,0,16,Full-Time
"Liebig, Ketsia",10017,0,1,5,4,0,77915,0,18,Production Manager,QLD,26/10/1986,Female,Citizen,No,30/09/2018,,N/A-StillEmployed,Active,Production       ,Janet King,2,Website,Exceeds,4.1,3,0,0,11,Full-Time
"Linares, Marilyn ",10186,0,5,5,3,0,52624,1,19,Production Technician I,QLD,26/03/1986,Female,Citizen,No,5/07/2016,26/09/2023,unhappy,Voluntarily Terminated,Production       ,Michael Albert,22,Indeed,Fully Meets,3.18,4,0,0,16,Part-Time
"Linden, Mathew",10137,1,3,5,3,0,63450,0,20,Production Technician II,QLD,19/03/1984,Male,Citizen,No,8/07/2018,,N/A-StillEmployed,Active,Production       ,Kelley Spirea,18,LinkedIn,Fully Meets,4,3,0,0,7,Full-Time
"Lindsay, Leonara ",10008,0,1,3,4,1,51777,0,14,IT Support,NSW,5/10/1993,Female,Citizen,Yes,21/01/2016,,N/A-StillEmployed,Active,IT/IS,Eric Dougall,6,Diversity Job Fair,Exceeds,4.64,4,5,0,14,Full-Time
"Lundy, Susan",10096,0,5,5,3,0,67237,1,20,Production Technician II,QLD,26/12/1981,Female,Citizen,No,8/07/2018,15/09/2021,more money,Voluntarily Terminated,Production       ,Michael Albert,22,LinkedIn,Fully Meets,4.65,4,0,0,15,Part-Time
"Lunquist, Lisa",10035,0,1,5,4,0,73330,0,20,Production Technician II,QLD,28/03/1987,Female,Citizen,No,19/08/2018,,N/A-StillEmployed,Active,Production       ,Elijiah Gray,16,Indeed,Exceeds,4.2,4,0,0,19,Full-Time
"Lydon, Allison",10057,0,3,5,3,0,52057,0,19,Production Technician I,QLD,22/10/1980,Female,Citizen,No,16/02/2020,,N/A-StillEmployed,Active,Production       ,Elijiah Gray,16,Website,Fully Meets,5,3,0,0,6,Part-Time
"Lynch, Lindsay",10004,0,5,5,4,1,47434,1,19,Production Technician I,QLD,14/02/1978,Female,Citizen,Yes,7/11/2016,14/11/2020,Another position,Voluntarily Terminated,Production       ,Webster Butler,39,Diversity Job Fair,Exceeds,5,4,0,0,17,Full-Time
"MacLennan, Samuel",10191,1,5,5,3,0,52788,1,19,Production Technician I,QLD,9/11/1977,Male,Citizen,No,24/09/2017,26/09/2022,hours,Voluntarily Terminated,Production       ,Amy Dunn,11,Indeed,Fully Meets,3.08,4,0,0,18,Full-Time
"Mahoney, Lauren  ",10219,0,1,5,3,0,45395,0,19,Production Technician I,QLD,7/07/1991,Female,Citizen,No,6/01/2019,,N/A-StillEmployed,Active,Production       ,Ketsia Liebig,19,LinkedIn,Fully Meets,4.6,4,0,0,14,Full-Time
"Manchester, Robyn",10077,0,2,5,3,0,62385,0,20,Production Technician II,QLD,25/08/1981,Female,Citizen,No,11/05/2021,,N/A-StillEmployed,Active,Production       ,Webster Butler,,LinkedIn,Fully Meets,5,3,0,0,4,Full-Time
"Mancuso, Karen",10073,0,5,5,3,0,68407,1,20,Production Technician II,QLD,10/12/1991,Female,Citizen,No,5/07/2016,19/08/2017,Another position,Voluntarily Terminated,Production       ,Amy Dunn,11,LinkedIn,Fully Meets,5,4,0,0,16,Full-Time
"Mangal, Debbie",10279,0,1,5,3,0,61349,0,19,Production Technician I,QLD,7/11/1979,Female,Citizen,No,11/11/2018,,N/A-StillEmployed,Active,Production       ,Brannon Miller,12,LinkedIn,Fully Meets,4.1,3,0,0,11,Full-Time
"Martin, Sandra",10110,0,1,4,3,0,105688,0,24,Software Engineer,QLD,7/11/1992,Female,Citizen,No,11/11/2018,,N/A-StillEmployed,Active,Software Engineering,Alex Sweetwater,10,Google Search,Fully Meets,4.5,5,4,0,14,Full-Time
"Maurice, Shana",10053,0,1,5,3,0,54132,0,19,Production Technician I,QLD,22/11/1982,Female,Citizen,No,31/05/2016,,N/A-StillEmployed,Active,Production       ,David Stanley,14,Indeed,Fully Meets,5,4,0,0,8,Full-Time
"Carthy, B'rigit",10076,0,1,5,3,0,55315,0,20,Production Technician II,QLD,21/05/1992,Female,Citizen,No,30/03/2020,,N/A-StillEmployed,Active,Production       ,Ketsia Liebig,19,LinkedIn,Fully Meets,5,5,0,0,16,Full-Time
"Mckenna, Sandy",10145,0,1,5,3,0,62810,0,19,Production Technician I,QLD,7/01/1992,Female,Citizen,No,7/01/2018,,N/A-StillEmployed,Active,Production       ,Kissy Sullivan,20,CareerBuilder,Fully Meets,3.93,3,0,0,20,Full-Time
"McKinzie, Jac",10202,1,2,6,3,0,63291,0,3,Area Sales Manager,VIC,1/07/1989,Male,Citizen,No,6/07/2021,,N/A-StillEmployed,Active,Sales,Lynn Daneault,21,Website,Fully Meets,3.4,4,0,0,7,Full-Time
"Meads, Elizabeth",10128,0,5,5,3,1,62659,1,19,Production Technician I,QLD,30/05/1973,Female,Citizen,No,2/04/2017,11/11/2021,Another position,Voluntarily Terminated,Production       ,Kelley Spirea,18,Diversity Job Fair,Fully Meets,4.18,4,0,0,17,Full-Time
"Medeiros, Jennifer",10068,0,1,5,3,0,55688,0,19,Production Technician I,QLD,22/09/1981,Female,Citizen,No,30/03/2020,,N/A-StillEmployed,Active,Production       ,Michael Albert,22,CareerBuilder,Fully Meets,5,4,0,0,10,Full-Time
"Miller, Brannon",10116,1,1,5,3,0,83667,0,18,Production Manager,QLD,10/08/1986,Male,Citizen,yes,16/08/2017,,N/A-StillEmployed,Active,Production       ,Janet King,2,Indeed,Fully Meets,4.37,3,0,0,2,Full-Time
"Miller, Ned",10298,1,5,5,1,0,55800,1,20,Production Technician II,QLD,29/06/1990,Male,Citizen,No,15/08/2016,4/09/2019,unhappy,Voluntarily Terminated,Production       ,Brannon Miller,12,LinkedIn,PIP,3,2,0,6,6,Full-Time
"Monkfish, Erasumus",10213,1,1,5,3,0,58207,0,20,Production Technician II,QLD,17/08/1997,Male,Citizen,No,7/11/2016,,N/A-StillEmployed,Active,Production       ,David Stanley,14,LinkedIn,Fully Meets,3.7,3,0,0,14,Full-Time
"Monroe, Peter",10288,1,1,3,2,1,157000,0,13,IT Manager - Infra,QLD,5/10/1991,Male,Permanent Resident,Yes,15/02/2017,,N/A-StillEmployed,Active,IT/IS,Jennifer Zamora,5,Diversity Job Fair,Needs Improvement,2.39,3,6,4,13,Full-Time
"Monterro, Luisa",10025,0,1,5,4,0,72460,0,20,Production Technician II,QLD,24/04/1975,Female,Citizen,No,13/05/2018,,N/A-StillEmployed,Active,Production       ,Kissy Sullivan,20,Indeed,Exceeds,4.7,3,0,0,1,Full-Time
"Moran, Patrick",10223,1,3,5,3,1,72106,0,20,Production Technician II,QLD,3/12/1981,Male,Citizen,No,9/01/2017,,N/A-StillEmployed,Active,Production       ,Kelley Spirea,18,Diversity Job Fair,Fully Meets,4.1,4,0,0,12,Full-Time
"Morway, Tanya",10151,0,1,3,3,0,52599,0,15,Network Engineer,QLD,4/04/1984,Female,Citizen,No,16/02/2020,,N/A-StillEmployed,Active,IT/IS,Peter Monroe,7,CareerBuilder,Fully Meets,3.81,3,6,0,6,Full-Time
"Motlagh,  Dawn",10254,0,1,5,3,0,63430,0,19,Production Technician I,QLD,7/07/1989,Female,Citizen,No,1/04/2018,,N/A-StillEmployed,Active,Production       ,Elijiah Gray,16,LinkedIn,Fully Meets,4.4,4,0,0,18,Full-Time
"Moumanil, Maliki ",10120,1,1,5,3,0,74417,0,20,Production Technician II,QLD,1/12/1979,Male,Citizen,No,13/05/2018,,N/A-StillEmployed,Active,Production       ,Michael Albert,22,LinkedIn,Fully Meets,4.29,5,0,0,11,Full-Time
"Myers, Michael",10216,1,1,5,3,0,57575,0,19,Production Technician I,QLD,18/04/1985,Male,Citizen,No,8/07/2018,,N/A-StillEmployed,Active,Production       ,Kissy Sullivan,20,LinkedIn,Fully Meets,4.1,4,0,0,13,Full-Time
"Navathe, Kurt",10079,1,1,3,3,0,87921,0,22,Senior BI Developer,QLD,25/04/1975,Male,Citizen,No,10/02/2022,,N/A-StillEmployed,Active,IT/IS,Brian Champaigne,13,Indeed,Fully Meets,5,3,6,0,17,Full-Time
"Ndzi, Colombui",10215,1,5,5,3,1,50470,1,19,Production Technician I,QLD,2/05/1994,Male,Citizen,No,26/09/2016,4/04/2019,return to school,Voluntarily Terminated,Production       ,Webster Butler,39,Diversity Job Fair,Fully Meets,4.3,3,0,0,19,Full-Time
"Ndzi, Horia",10185,1,5,5,3,0,46664,1,19,Production Technician I,QLD,28/03/1988,Male,Citizen,No,1/04/2018,25/05/2021,more money,Voluntarily Terminated,Production       ,Amy Dunn,11,Employee Referral,Fully Meets,3.18,3,0,0,10,Full-Time
"Newman, Richard ",10063,1,3,5,3,0,48495,0,19,Production Technician I,QLD,8/04/1982,Male,Citizen,No,12/05/2019,,N/A-StillEmployed,Active,Production       ,Ketsia Liebig,19,LinkedIn,Fully Meets,5,5,0,0,11,Full-Time
"Ngodup, Shari ",10037,0,1,5,4,1,52984,0,19,Production Technician I,QLD,3/06/1972,Female,Citizen,No,1/04/2018,,N/A-StillEmployed,Active,Production       ,Brannon Miller,12,Diversity Job Fair,Exceeds,4,3,0,0,12,Full-Time
"Nguyen, Dheepa",10042,0,1,6,3,0,63695,0,3,Area Sales Manager,NSW,31/03/1994,Female,Citizen,No,8/07/2018,,N/A-StillEmployed,Active,Sales,Lynn Daneault,21,Indeed,Fully Meets,5,5,0,0,2,Full-Time
"Nguyen, Lei-Ming",10206,0,1,5,3,0,62061,0,19,Production Technician I,QLD,7/07/1989,Female,Citizen,No,8/07/2018,,N/A-StillEmployed,Active,Production       ,David Stanley,14,LinkedIn,Fully Meets,3.6,5,0,0,4,Full-Time
"Nowlan, Kristie",10104,0,1,5,3,0,66738,0,20,Production Technician II,QLD,23/11/1990,Female,Citizen,No,10/11/2019,,N/A-StillEmployed,Active,Production       ,Elijiah Gray,16,Indeed,Fully Meets,4.53,5,0,0,5,Part-Time
"O'hare, Lynn",10303,0,4,5,1,0,52674,1,19,Production Technician I,QLD,30/09/1985,Female,Citizen,No,31/03/2019,1/05/2023,performance,Terminated for Cause,Production       ,Kissy Sullivan,20,LinkedIn,PIP,2.33,2,0,6,3,Part-Time
"Oliver, Brooke ",10078,0,5,5,3,0,71966,1,20,Production Technician II,QLD,11/02/1957,Female,Citizen,No,14/05/2017,19/08/2018,unhappy,Voluntarily Terminated,Production       ,Webster Butler,39,LinkedIn,Fully Meets,5,3,0,0,17,Full-Time
"Onque, Jasmine",10121,0,1,6,3,0,63051,0,3,Area Sales Manager,NSW,11/05/1995,Female,Citizen,Yes,30/09/2018,,N/A-StillEmployed,Active,Sales,Lynn Daneault,21,Indeed,Fully Meets,4.28,3,0,0,1,Full-Time
"Osturnka, Adeel",10021,1,1,5,4,0,47414,0,19,Production Technician I,QLD,11/12/1981,Male,Citizen,No,30/09/2018,,N/A-StillEmployed,Active,Production       ,Kelley Spirea,18,LinkedIn,Exceeds,5,3,0,0,13,Full-Time
"Owad, Clinton",10281,1,1,5,2,0,53060,0,19,Production Technician I,QLD,24/11/1984,Male,Citizen,No,17/02/2019,,N/A-StillEmployed,Active,Production       ,Michael Albert,22,LinkedIn,Needs Improvement,4.25,3,0,4,6,Full-Time
"Ozark, Travis",10041,1,1,6,3,0,68829,0,3,Area Sales Manager,NSW,19/05/1987,Male,Citizen,No,5/01/2020,,N/A-StillEmployed,Active,Sales,John Smith,17,Website,Fully Meets,5,5,0,0,18,Full-Time
"Panjwani, Nina",10148,0,5,5,3,0,63515,1,19,Production Technician I,QLD,1/05/1984,Female,Citizen,No,7/02/2016,12/01/2019,Another position,Voluntarily Terminated,Production       ,Elijiah Gray,16,Google Search,Fully Meets,3.89,4,0,0,7,Full-Time
"Patronick, Lucas",10005,1,5,4,4,1,108987,1,24,Software Engineer,QLD,20/02/1984,Male,Citizen,No,7/11/2016,7/09/2020,Another position,Voluntarily Terminated,Software Engineering,Alex Sweetwater,10,Diversity Job Fair,Exceeds,5,5,3,0,13,Full-Time
"Pearson, Randall",10259,1,5,3,3,0,93093,1,9,Data Analyst,QLD,5/09/1989,Male,Citizen,No,1/12/2019,1/05/2021,performance,Voluntarily Terminated,IT/IS,Simon Roup,4,Employee Referral,Fully Meets,4.7,4,5,0,19,Full-Time
"Smith, Martin",10286,1,5,5,2,0,53564,1,19,Production Technician I,QLD,17/03/1993,Male,Citizen,No,10/01/2016,28/12/2022,career change,Voluntarily Terminated,Production       ,Webster Butler,39,Google Search,Needs Improvement,3.54,5,0,4,15,Full-Time
"Pelletier, Ermine",10297,0,5,5,2,0,60270,1,20,Production Technician II,QLD,18/07/1994,Female,Citizen,No,5/07/2016,15/09/2020,unhappy,Voluntarily Terminated,Production       ,Amy Dunn,11,CareerBuilder,Needs Improvement,2.4,5,0,5,2,Full-Time
"Perry, Shakira",10171,0,5,5,3,0,45998,1,19,Production Technician I,QLD,20/07/1991,Female,Citizen,No,16/05/2016,25/10/2020,medical issues,Voluntarily Terminated,Production       ,Amy Dunn,11,LinkedIn,Fully Meets,3.45,4,0,0,5,Full-Time
"Peters, Lauren",10032,0,5,5,4,0,57954,1,20,Production Technician II,QLD,17/08/1991,Female,Citizen,No,16/05/2016,4/02/2018,more money,Voluntarily Terminated,Production       ,Ketsia Liebig,19,Indeed,Exceeds,4.2,5,0,0,12,Full-Time
"Peterson, Ebonee  ",10130,0,5,5,3,0,74669,1,18,Production Manager,QLD,9/05/1982,Female,Citizen,No,25/10/2015,18/05/2021,Another position,Voluntarily Terminated,Production       ,Janet King,2,Indeed,Fully Meets,4.16,5,0,0,6,Full-Time
"Petingill, Shana  ",10217,0,1,5,3,0,74226,0,20,Production Technician II,QLD,10/03/1984,Female,Permanent Resident,No,2/04/2017,,N/A-StillEmployed,Active,Production       ,Brannon Miller,12,LinkedIn,Fully Meets,4.3,3,0,0,14,Full-Time
"Petrowsky, Thelma",10016,0,1,3,4,0,93554,0,9,Data Analyst,QLD,16/09/1989,Female,Citizen,No,10/11/2019,,N/A-StillEmployed,Active,IT/IS,Simon Roup,4,Employee Referral,Exceeds,4.6,5,7,0,16,Part-Time
"Pham, Hong",10050,1,5,5,3,0,64724,1,19,Production Technician I,QLD,6/03/1993,Male,Citizen,No,5/07/2016,30/11/2017,more money,Voluntarily Terminated,Production       ,Brannon Miller,12,Google Search,Fully Meets,5,3,0,0,13,Full-Time
"Pitt, Brad ",10164,1,1,5,3,0,47001,0,19,Production Technician I,QLD,23/11/1986,Male,Citizen,No,5/11/2012,,N/A-StillEmployed,Active,Production       ,David Stanley,14,Google Search,Fully Meets,3.66,3,0,0,15,Full-Time
"Potts, Xana",10124,0,1,6,3,0,61844,0,3,Area Sales Manager,NSW,29/08/1993,Female,Citizen,No,9/01/2017,,N/A-StillEmployed,Active,Sales,Lynn Daneault,21,Website,Fully Meets,4.2,5,0,0,9,Full-Time
"Power, Morissa",10187,0,5,5,3,0,46799,1,19,Production Technician I,QLD,15/10/1989,Female,Permanent Resident,No,16/05/2016,4/06/2023,Another position,Voluntarily Terminated,Production       ,Kissy Sullivan,20,Google Search,Fully Meets,3.17,4,0,0,14,Full-Time
"Punjabhi, Louis  ",10225,1,1,5,3,0,59472,0,19,Production Technician I,QLD,19/06/1966,Male,Citizen,No,6/01/2019,,N/A-StillEmployed,Active,Production       ,Kelley Spirea,18,Employee Referral,Fully Meets,4.8,3,0,0,14,Full-Time
"Purinton, Janine",10262,0,5,5,3,0,46430,1,19,Production Technician I,QLD,22/09/1975,Female,Citizen,No,24/09/2017,18/06/2018,unhappy,Voluntarily Terminated,Production       ,Kissy Sullivan,20,Indeed,Fully Meets,4.5,5,0,0,16,Full-Time
"Quinn, Sean",10131,1,5,1,3,1,83363,1,23,Software Engineer,QLD,6/11/1989,Male,Permanent Resident,No,21/02/2016,15/08/2020,career change,Voluntarily Terminated,Software Engineering,Janet King,2,Diversity Job Fair,Fully Meets,4.15,4,0,0,4,Full-Time
"Rachael, Maggie",10239,0,1,3,3,0,95920,0,4,BI Developer,QLD,12/05/1985,Female,Citizen,No,2/10/2021,,N/A-StillEmployed,Active,IT/IS,Brian Champaigne,13,Indeed,Fully Meets,4.4,4,6,0,10,Fixed Term Full-Time
"Rarrick, Quinn",10152,1,5,5,3,0,61729,1,19,Production Technician I,QLD,31/12/1989,Male,Citizen,No,26/09/2016,7/04/2023,more money,Voluntarily Terminated,Production       ,Michael Albert,22,Indeed,Fully Meets,3.8,5,0,0,19,Full-Time
"Ren, Kylo",10140,1,1,6,3,0,61809,0,3,Area Sales Manager,NSW,12/10/1959,Male,Citizen,No,12/05/2019,,N/A-StillEmployed,Active,Sales,John Smith,17,CareerBuilder,Fully Meets,3.98,3,0,0,4,Full-Time
"Rhoads, Thomas",10058,1,5,5,3,0,45115,1,19,Production Technician I,QLD,22/07/1987,Male,Citizen,Yes,16/05/2016,15/01/2021,retiring,Voluntarily Terminated,Production       ,Elijiah Gray,16,LinkedIn,Fully Meets,5,4,0,0,11,Full-Time
"Rivera, Haley  ",10011,0,1,5,4,0,46738,0,19,Production Technician I,QLD,12/01/1978,Female,Citizen,No,28/11/2016,,N/A-StillEmployed,Active,Production       ,Webster Butler,,Google Search,Exceeds,4.36,5,0,0,16,Full-Time
"Roberson, May",10230,0,5,5,3,0,64971,1,20,Production Technician II,QLD,5/09/1986,Female,Permanent Resident,No,26/09/2016,22/10/2016,return to school,Voluntarily Terminated,Production       ,David Stanley,14,Google Search,Fully Meets,4.5,4,0,0,10,Full-Time
"Robertson, Peter",10224,1,5,5,3,0,55578,1,20,Production Technician II,QLD,3/07/1977,Male,Citizen,No,5/07/2016,8/02/2017,Another position,Voluntarily Terminated,Production       ,Kissy Sullivan,20,Indeed,Fully Meets,4.2,5,0,0,13,Full-Time
"Robinson, Alain  ",10047,1,5,5,3,0,50428,1,19,Production Technician I,QLD,7/01/1979,Male,Citizen,No,10/01/2016,26/01/2021,attendance,Voluntarily Terminated,Production       ,Amy Dunn,11,Indeed,Fully Meets,5,3,0,0,11,Part-Time
"Robinson, Cherly",10285,0,4,5,2,0,61422,1,19,Production Technician I,QLD,7/01/1990,Female,Citizen,No,10/01/2016,17/05/2021,attendance,Terminated for Cause,Production       ,Ketsia Liebig,19,Indeed,Needs Improvement,3.6,3,0,4,16,Part-Time
"Robinson, Elias",10020,1,1,5,4,0,63353,0,19,Production Technician I,QLD,28/01/1990,Male,Citizen,No,8/07/2018,,N/A-StillEmployed,Active,Production       ,Brannon Miller,12,Employee Referral,Exceeds,3.6,5,0,0,4,Part-Time
"Roby, Lori ",10162,0,1,3,3,0,89883,0,9,Data Analyst,QLD,11/10/1986,Female,Citizen,No,16/02/2020,,N/A-StillEmployed,Active,IT/IS,Simon Roup,4,Employee Referral,Fully Meets,3.69,5,6,0,15,Full-Time
"Roehrich, Bianca",10149,0,5,3,3,0,120000,1,29,Principal Data Architect,QLD,27/05/1978,Female,Citizen,Yes,5/01/2020,10/11/2023,Another position,Voluntarily Terminated,IT/IS,Simon Roup,4,LinkedIn,Fully Meets,3.88,3,7,0,12,Full-Time
"Roper, Katie",10086,0,1,3,3,0,150290,0,7,Data Architect,QLD,21/11/1977,Female,Citizen,No,7/01/2022,,N/A-StillEmployed,Active,IT/IS,Brian Champaigne,13,Indeed,Fully Meets,4.94,3,5,0,17,Full-Time
"Rose, Ashley  ",10054,0,1,5,3,0,60627,0,19,Production Technician I,QLD,5/12/1979,Female,Citizen,No,6/01/2019,,N/A-StillEmployed,Active,Production       ,David Stanley,14,Website,Fully Meets,5,4,0,0,8,Full-Time
"Rossetti, Bruno",10065,1,5,5,3,0,53180,1,19,Production Technician I,QLD,18/03/1992,Male,Citizen,No,4/04/2016,13/08/2023,Another position,Voluntarily Terminated,Production       ,Kissy Sullivan,20,Google Search,Fully Meets,5,5,0,0,4,Full-Time
"Roup,Simon",10198,1,1,3,3,0,140920,0,13,IT Manager - DB,QLD,5/04/1978,Male,Citizen,No,20/01/2018,,N/A-StillEmployed,Active,IT/IS,Jennifer Zamora,5,Indeed,Fully Meets,3.6,5,7,0,13,Full-Time
"Ruiz, Ricardo",10222,1,5,3,3,1,148999,1,13,IT Manager - DB,QLD,4/01/1969,Male,Citizen,No,9/01/2017,4/11/2020,hours,Voluntarily Terminated,IT/IS,Jennifer Zamora,5,Diversity Job Fair,Fully Meets,4.3,4,6,0,8,Full-Time
"Saada, Adell",10126,0,1,4,3,0,86214,0,24,Software Engineer,QLD,24/07/1991,Female,Citizen,No,5/11/2017,,N/A-StillEmployed,Active,Software Engineering,Alex Sweetwater,10,Indeed,Fully Meets,4.2,3,6,0,2,Full-Time
"Saar-Beckles, Melinda",10295,0,2,5,2,1,47750,0,19,Production Technician I,QLD,6/06/1973,Female,Citizen,No,4/07/2021,,N/A-StillEmployed,Active,Production       ,Kelley Spirea,18,Diversity Job Fair,Needs Improvement,2.6,4,0,5,4,Full-Time
"Sadki, Nore  ",10260,1,5,5,3,0,46428,1,19,Production Technician I,QLD,21/12/1979,Male,Citizen,No,5/01/2014,30/07/2023,relocation out of area,Voluntarily Terminated,Production       ,Michael Albert,22,Google Search,Fully Meets,4.6,5,0,0,7,Full-Time
"Sahoo, Adil",10233,1,1,5,3,0,57975,0,20,Production Technician II,QLD,26/04/1991,Male,Citizen,No,30/08/2015,,N/A-StillEmployed,Active,Production       ,Kelley Spirea,18,CareerBuilder,Fully Meets,4.1,3,0,0,13,Full-Time
"Salter, Jason",10229,2,5,3,3,0,88527,1,9,Data Analyst,QLD,17/12/1992,Non Binary,Citizen,No,5/01/2020,31/10/2020,hours,Voluntarily Terminated,IT/IS,Simon Roup,4,LinkedIn,Fully Meets,4.2,3,5,0,2,Fixed Term Full-Time
"Sander, Kamrin",10169,0,1,5,3,0,56147,0,19,Production Technician I,QLD,10/07/1993,Female,Citizen,No,29/09/2019,,N/A-StillEmployed,Active,Production       ,Elijiah Gray,16,LinkedIn,Fully Meets,3.51,3,0,0,2,Full-Time
"Sewkumar, Nori",10071,0,3,5,3,0,50923,0,19,Production Technician I,QLD,10/03/1980,Female,Citizen,No,30/09/2018,,N/A-StillEmployed,Active,Production       ,Webster Butler,,Google Search,Fully Meets,5,5,0,0,14,Full-Time
"Shepard, Anita ",10179,0,1,3,3,0,50750,0,15,Network Engineer,QLD,14/04/1986,Female,Citizen,No,30/09/2019,,N/A-StillEmployed,Active,IT/IS,Peter Monroe,7,LinkedIn,Fully Meets,3.31,3,6,0,7,Full-Time
"Shields, Seffi",10091,0,1,5,3,0,52087,0,19,Production Technician I,QLD,24/08/1990,Female,Citizen,No,19/08/2018,,N/A-StillEmployed,Active,Production       ,Amy Dunn,11,LinkedIn,Fully Meets,4.81,4,0,0,15,Full-Time
"Simard, Kramer",10178,1,1,3,3,0,87826,0,9,Data Analyst,QLD,8/02/1975,Male,Citizen,Yes,5/01/2020,,N/A-StillEmployed,Active,IT/IS,Simon Roup,4,Employee Referral,Fully Meets,3.32,3,7,0,16,Fixed Term Part-Time
"Singh, Nan ",10039,0,1,1,3,0,51920,0,2,Administrative Assistant,QLD,19/05/1993,Female,Citizen,No,1/05/2020,,N/A-StillEmployed,Active,Admin Offices,Brandon R. LeBlanc,1,Website,Fully Meets,5,3,5,0,2,Full-Time
"Sloan, Constance",10095,0,5,5,3,0,63878,1,20,Production Technician II,QLD,25/11/1992,Female,Citizen,No,26/10/2014,8/04/2020,maternity leave - did not return,Voluntarily Terminated,Production       ,Michael Albert,22,CareerBuilder,Fully Meets,4.68,4,0,0,20,Fixed Term Full-Time
"Smith, Joe",10027,1,1,5,4,0,60656,0,20,Production Technician II,QLD,30/10/1968,Male,Citizen,No,29/09/2019,,N/A-StillEmployed,Active,Production       ,Elijiah Gray,16,Indeed,Exceeds,4.3,3,0,0,4,Full-Time
"Smith, John",10291,1,1,6,2,1,72992,0,21,Sales Manager,QLD,16/08/1989,Male,Citizen,No,18/05/2019,,N/A-StillEmployed,Active,Sales,Debra Houlihan,15,Diversity Job Fair,Needs Improvement,2.4,4,0,2,16,Full-Time
"Smith, Leigh Ann",10153,0,5,1,3,1,55000,1,2,Administrative Assistant,QLD,14/06/1992,Female,Citizen,No,26/09/2016,25/09/2018,career change,Voluntarily Terminated,Admin Offices,Brandon R. LeBlanc,1,Diversity Job Fair,Fully Meets,3.8,4,4,0,17,Full-Time
"Smith, Sade",10157,0,1,5,3,0,58939,0,19,Production Technician I,QLD,2/02/1970,Female,Citizen,No,11/11/2018,,N/A-StillEmployed,Active,Production       ,Ketsia Liebig,19,Employee Referral,Fully Meets,3.73,3,0,0,16,Full-Time
"Soto, Julia ",10119,0,1,3,3,0,66593,0,14,IT Support,QLD,12/03/1978,Female,Citizen,No,10/06/2016,,N/A-StillEmployed,Active,IT/IS,Eric Dougall,6,LinkedIn,Fully Meets,4.3,3,5,0,19,Part-Time
"Soze, Keyser",10180,1,2,3,3,0,87565,0,28,Sr. Network Engineer,QLD,9/02/1988,Male,Citizen,No,30/06/2021,,N/A-StillEmployed,Active,IT/IS,Peter Monroe,7,LinkedIn,Fully Meets,3.27,4,5,0,13,Full-Time
"Sparks, Taylor  ",10302,0,1,5,1,0,64021,0,19,Production Technician I,QLD,20/07/1973,Female,Citizen,No,20/02/2017,,N/A-StillEmployed,Active,Production       ,Brannon Miller,12,Indeed,PIP,2.4,2,1,6,20,Full-Time
"Spirea, Kelley",10090,0,1,5,3,0,65714,0,18,Production Manager,QLD,30/09/1980,Female,Citizen,No,2/10/2017,,N/A-StillEmployed,Active,Production       ,Janet King,2,LinkedIn,Fully Meets,4.83,5,0,0,15,Full-Time
"Squatrito, Kristen",10030,0,5,5,4,0,62425,1,19,Production Technician I,QLD,26/03/1978,Female,Citizen,No,13/05/2018,29/06/2020,unhappy,Voluntarily Terminated,Production       ,David Stanley,14,LinkedIn,Exceeds,4.1,4,0,0,16,Full-Time
"Stanford,Barbara  M",10278,0,1,5,3,0,47961,0,19,Production Technician I,QLD,25/08/1987,Female,Citizen,No,10/01/2016,,N/A-StillEmployed,Active,Production       ,Kissy Sullivan,20,Google Search,Fully Meets,4.1,4,0,0,9,Full-Time
"Stansfield, Norman",10307,1,1,6,1,0,58273,0,3,Area Sales Manager,NSW,9/05/1979,Male,Citizen,No,12/05/2019,,N/A-StillEmployed,Active,Sales,Lynn Daneault,21,Website,PIP,1.81,2,0,3,5,Full-Time
"Steans, Tyrone  ",10147,1,1,1,3,0,63003,0,1,Accountant I,QLD,1/09/1991,Male,Citizen,No,29/09/2019,,N/A-StillEmployed,Active,Admin Offices,Brandon R. LeBlanc,1,Indeed,Fully Meets,3.9,5,5,0,9,Full-Time
"Stoica, Rick",10266,1,1,5,3,0,61355,0,19,Production Technician I,QLD,14/03/1990,Male,Citizen,No,17/02/2019,,N/A-StillEmployed,Active,Production       ,Kelley Spirea,18,LinkedIn,Fully Meets,4.7,3,0,0,4,Full-Time
"Strong, Caitrin",10241,0,1,6,3,0,60120,0,3,Area Sales Manager,NSW,12/05/1994,Female,Citizen,No,27/09/2015,,N/A-StillEmployed,Active,Sales,John Smith,17,Indeed,Fully Meets,4.1,4,0,0,18,Full-Time
"Sullivan, Kissy ",10158,0,1,5,3,0,63682,0,18,Production Manager,QLD,28/03/1983,Female,Citizen,No,8/01/2014,,N/A-StillEmployed,Active,Production       ,Janet King,2,Indeed,Fully Meets,3.73,4,0,0,12,Full-Time
"Sullivan, Timothy",10117,1,1,5,3,0,63025,0,19,Production Technician I,QLD,7/10/1987,Male,Citizen,Yes,5/01/2020,,N/A-StillEmployed,Active,Production       ,Michael Albert,22,Google Search,Fully Meets,4.36,5,0,0,10,Full-Time
"Sutwell, Barbara",10209,0,1,5,3,0,59238,0,19,Production Technician I,QLD,15/08/1973,Female,Permanent Resident,No,14/05/2017,,N/A-StillEmployed,Active,Production       ,Elijiah Gray,16,Indeed,Fully Meets,3.4,5,0,0,13,Full-Time
"Szabo, Andrew",10024,1,1,4,4,0,92989,0,24,Software Engineer,QLD,6/05/1988,Male,Citizen,No,7/07/2019,,N/A-StillEmployed,Active,Software Engineering,Alex Sweetwater,10,LinkedIn,Exceeds,4.5,5,5,0,1,Fixed Term Full-Time
"Tannen, Biff",10173,1,1,3,3,0,90100,0,4,BI Developer,QLD,24/10/1992,Male,Citizen,No,20/04/2022,,N/A-StillEmployed,Active,IT/IS,Brian Champaigne,13,Indeed,Fully Meets,3.4,3,6,0,14,Fixed Term Full-Time
"Tavares, Desiree  ",10221,0,5,5,3,1,60754,1,19,Production Technician I,QLD,3/04/1980,Female,Work Visa,No,27/04/2014,1/04/2018,Another position,Voluntarily Terminated,Production       ,Webster Butler,39,Diversity Job Fair,Fully Meets,4.5,5,0,0,11,Full-Time
"Tejeda, Lenora ",10146,0,5,5,3,0,72202,1,20,Production Technician II,QLD,24/05/1958,Female,Citizen,No,16/05/2016,8/07/2022,Another position,Voluntarily Terminated,Production       ,Elijiah Gray,16,Google Search,Fully Meets,3.93,3,0,0,3,Full-Time
"Terry, Sharlene ",10161,0,1,6,3,0,58370,0,3,Area Sales Manager,NSW,7/05/1970,Female,Citizen,No,29/09/2019,,N/A-StillEmployed,Active,Sales,Lynn Daneault,21,Indeed,Fully Meets,3.69,3,0,0,18,Full-Time
"Theamstern, Sophia",10141,0,5,5,3,0,48413,1,19,Production Technician I,QLD,9/05/1970,Female,Citizen,No,5/07/2016,5/09/2021,return to school,Voluntarily Terminated,Production       ,Amy Dunn,11,Indeed,Fully Meets,3.98,4,0,0,1,Full-Time
"Thibaud, Kenneth",10268,1,5,5,3,0,67176,1,20,Production Technician II,QLD,16/09/1980,Male,Citizen,No,25/06/2012,30/08/2015,military,Voluntarily Terminated,Production       ,Webster Butler,39,Other,Fully Meets,4.1,4,0,0,15,Full-Time
"Tippett, Jeanette",10123,0,1,5,3,0,56339,0,19,Production Technician I,QLD,5/06/1972,Female,Citizen,No,18/02/2018,,N/A-StillEmployed,Active,Production       ,Brannon Miller,12,Indeed,Fully Meets,4.21,5,0,0,4,Full-Time
"Torrence, Jack",10013,1,1,6,4,0,64397,0,3,Area Sales Manager,NSW,15/01/1973,Male,Citizen,No,9/01/2011,,N/A-StillEmployed,Active,Sales,Lynn Daneault,21,Indeed,Exceeds,4.1,3,0,0,6,Full-Time
"Trang, Mei",10287,0,1,5,2,0,63025,0,19,Production Technician I,QLD,16/05/1988,Female,Citizen,No,17/02/2019,,N/A-StillEmployed,Active,Production       ,David Stanley,14,LinkedIn,Needs Improvement,2.44,5,0,4,18,Full-Time
"Tredinnick, Neville ",10044,1,5,3,3,0,75281,1,15,Network Engineer,QLD,5/05/1993,Male,Citizen,No,5/01/2020,12/02/2021,medical issues,Voluntarily Terminated,IT/IS,Peter Monroe,7,CareerBuilder,Fully Meets,5,3,5,0,11,Full-Time
"True, Edward",10102,1,5,4,3,1,100416,1,24,Software Engineer,QLD,14/06/1988,Male,Work Visa,No,18/02/2018,15/04/2023,medical issues,Voluntarily Terminated,Software Engineering,Alex Sweetwater,10,Diversity Job Fair,Fully Meets,4.6,3,4,0,9,Full-Time
"Trzeciak, Cybil",10270,0,5,5,3,0,74813,1,20,Production Technician II,QLD,15/03/1990,Female,Citizen,No,10/01/2016,2/07/2019,unhappy,Voluntarily Terminated,Production       ,Amy Dunn,11,LinkedIn,Fully Meets,4.4,3,0,0,5,Full-Time
"Turpin, Jumil",10045,1,1,3,3,0,76029,0,15,Network Engineer,QLD,31/03/1974,Male,Permanent Resident,No,30/03/2020,,N/A-StillEmployed,Active,IT/IS,Peter Monroe,7,Employee Referral,Fully Meets,5,4,7,0,8,Full-Time
"Valentin,Jackie",10205,0,1,6,3,0,57859,0,3,Area Sales Manager,NSW,23/05/1996,Female,Citizen,No,5/07/2016,,N/A-StillEmployed,Active,Sales,John Smith,17,Indeed,Fully Meets,2.81,3,0,0,16,Full-Time
"Veera, Abdellah ",10014,1,5,5,4,0,58523,1,19,Production Technician I,QLD,31/01/1992,Male,Citizen,No,13/08/2017,5/02/2021,maternity leave - did not return,Voluntarily Terminated,Production       ,Kissy Sullivan,20,LinkedIn,Exceeds,4.5,5,0,0,15,Full-Time
"Vega, Vincent",10144,1,1,5,3,0,88976,0,17,Production Manager,QLD,10/10/1973,Male,Citizen,No,1/08/2016,,N/A-StillEmployed,Active,Production       ,Janet King,2,Employee Referral,Fully Meets,3.93,3,0,0,19,Full-Time
"Villanueva, Noah",10253,1,1,6,3,0,55875,0,3,Area Sales Manager,NSW,11/07/1994,Male,Citizen,No,5/03/2017,,N/A-StillEmployed,Active,Sales,John Smith,17,Website,Fully Meets,4.5,4,0,0,11,Full-Time
"Voldemort, Lord",10118,1,4,3,3,0,113999,1,8,Database Administrator,QLD,7/08/1991,Male,Citizen,No,16/02/2020,22/02/2022,"no-call, no-show",Terminated for Cause,IT/IS,Simon Roup,4,Employee Referral,Fully Meets,4.33,3,7,0,9,Full-Time
"Volk, Colleen",10022,0,4,5,4,0,49773,1,19,Production Technician I,QLD,3/06/1991,Female,Citizen,No,26/09/2016,8/02/2021,gross misconduct,Terminated for Cause,Production       ,Kelley Spirea,18,Google Search,Exceeds,4.3,5,0,0,18,Full-Time
"Von Massenbach, Anna",10183,0,2,5,3,0,62068,0,19,Production Technician I,QLD,6/04/1990,Female,Citizen,No,5/07/2020,,N/A-StillEmployed,Active,Production       ,Michael Albert,22,LinkedIn,Fully Meets,3.21,3,0,0,7,Full-Time
"Walker, Roger",10190,1,1,5,3,0,66541,0,20,Production Technician II,QLD,10/02/1981,Male,Citizen,No,18/08/2019,,N/A-StillEmployed,Active,Production       ,Ketsia Liebig,19,Employee Referral,Fully Meets,3.11,5,0,0,4,Full-Time
"Wallace, Courtney  E",10274,0,5,5,3,1,80512,1,18,Production Manager,QLD,14/11/1960,Female,Citizen,No,26/09/2016,2/01/2017,Another position,Voluntarily Terminated,Production       ,Janet King,2,Diversity Job Fair,Fully Meets,4.5,3,0,0,5,Full-Time
"Wallace, Theresa",10293,0,5,5,2,0,50274,1,19,Production Technician I,QLD,2/08/1985,Female,Citizen,No,13/08/2017,1/09/2020,career change,Voluntarily Terminated,Production       ,Elijiah Gray,16,CareerBuilder,Needs Improvement,2.5,3,0,6,13,Full-Time
"Wang, Charlie",10172,1,1,3,3,0,84903,0,22,Senior BI Developer,QLD,8/07/1986,Male,Citizen,No,15/02/2022,,N/A-StillEmployed,Active,IT/IS,Brian Champaigne,13,Indeed,Fully Meets,3.42,4,7,0,17,Full-Time
"Warfield, Sarah",10127,0,1,3,3,0,107226,0,28,Sr. Network Engineer,QLD,2/05/1983,Female,Citizen,No,30/03/2020,,N/A-StillEmployed,Active,IT/IS,Peter Monroe,7,Employee Referral,Fully Meets,4.2,4,8,0,7,Full-Time
"Whittier, Scott",10072,1,5,5,3,0,58371,1,19,Production Technician I,QLD,24/05/1992,Male,Citizen,Yes,10/01/2016,15/05/2019,hours,Voluntarily Terminated,Production       ,Webster Butler,39,LinkedIn,Fully Meets,5,5,0,0,11,Casual 
"Wilber, Barry",10048,1,5,5,3,0,55140,1,19,Production Technician I,QLD,9/09/1970,Male,Permanent Resident,No,16/05/2016,7/09/2020,unhappy,Voluntarily Terminated,Production       ,Amy Dunn,11,Website,Fully Meets,5,3,0,0,7,Casual 
"Wilkes, Annie",10204,0,5,5,3,0,58062,1,19,Production Technician I,QLD,30/07/1988,Female,Citizen,No,10/01/2016,14/05/2017,Another position,Voluntarily Terminated,Production       ,Ketsia Liebig,19,Google Search,Fully Meets,3.6,5,0,0,9,Casual 
"Williams, Jacquelyn  ",10264,0,5,5,3,1,59728,1,19,Production Technician I,QLD,2/10/1974,Female,Citizen,Yes,9/01/2017,27/06/2020,relocation out of area,Voluntarily Terminated,Production       ,Ketsia Liebig,19,Diversity Job Fair,Fully Meets,4.3,4,0,0,16,Full-Time
"Winthrop, Jordan  ",10033,1,5,5,4,0,70507,1,20,Production Technician II,QLD,7/11/1963,Male,Citizen,No,7/01/2018,21/02/2021,retiring,Voluntarily Terminated,Production       ,Brannon Miller,12,LinkedIn,Exceeds,5,3,0,0,7,Full-Time
"Wolk, Hang  T",10174,0,1,5,3,0,60446,0,20,Production Technician II,QLD,20/04/1990,Female,Citizen,No,29/09/2019,,N/A-StillEmployed,Active,Production       ,David Stanley,14,LinkedIn,Fully Meets,3.4,4,0,0,14,Full-Time
"Woodson, Jason",10135,1,1,5,3,0,65893,0,20,Production Technician II,QLD,11/05/1990,Male,Citizen,No,7/07/2019,,N/A-StillEmployed,Active,Production       ,Kissy Sullivan,20,LinkedIn,Fully Meets,4.07,4,0,0,13,Full-Time
"Ybarra, Catherine ",10301,2,5,5,1,0,48513,1,19,Production Technician I,QLD,4/05/1987,Non Binary,Citizen,No,2/09/2013,29/09/2020,Another position,Voluntarily Terminated,Production       ,Brannon Miller,12,Google Search,PIP,3.2,2,0,5,4,Full-Time
"Zamora, Jennifer",10010,0,1,3,4,0,220450,0,6,CIO,QLD,30/08/1984,Female,Citizen,No,10/04/2015,,N/A-StillEmployed,Active,IT/IS,Janet King,2,Employee Referral,Exceeds,4.6,5,6,0,16,Fixed Term Full-Time
"Zhou, Julia",10043,0,1,3,3,0,89292,0,9,Data Analyst,QLD,24/02/1984,Female,Citizen,No,30/03/2020,,N/A-StillEmployed,Active,IT/IS,Simon Roup,4,Employee Referral,Fully Meets,5,3,5,0,11,Full-Time
"Zima, Colleen",10271,0,1,5,3,0,45046,0,19,Production Technician I,QLD,17/08/1983,Female,Citizen,No,29/09/2019,,N/A-StillEmployed,Active,Production       ,David Stanley,14,LinkedIn,Fully Meets,4.5,5,0,0,2,Full-Time
